{"assets/images/0.png":["assets/images/0.png"],"assets/images/1.png":["assets/images/1.png"],"assets/images/10.png":["assets/images/10.png"],"assets/images/11.png":["assets/images/11.png"],"assets/images/12.png":["assets/images/12.png"],"assets/images/13.png":["assets/images/13.png"],"assets/images/14.png":["assets/images/14.png"],"assets/images/15.png":["assets/images/15.png"],"assets/images/16.png":["assets/images/16.png"],"assets/images/17.png":["assets/images/17.png"],"assets/images/18.png":["assets/images/18.png"],"assets/images/19.png":["assets/images/19.png"],"assets/images/2.png":["assets/images/2.png"],"assets/images/20.png":["assets/images/20.png"],"assets/images/21.png":["assets/images/21.png"],"assets/images/22.png":["assets/images/22.png"],"assets/images/23.png":["assets/images/23.png"],"assets/images/3.png":["assets/images/3.png"],"assets/images/4.png":["assets/images/4.png"],"assets/images/5.png":["assets/images/5.png"],"assets/images/6.png":["assets/images/6.png"],"assets/images/7.png":["assets/images/7.png"],"assets/images/8.png":["assets/images/8.png"],"assets/images/9.png":["assets/images/9.png"],"assets/images/99.png":["assets/images/99.png"],"assets/images/border.png":["assets/images/border.png"],"assets/images/gvv.png":["assets/images/gvv.png"],"assets/images/k2.png":["assets/images/k2.png"],"assets/images/n0.png":["assets/images/n0.png"],"assets/images/n1.png":["assets/images/n1.png"],"assets/images/n10.png":["assets/images/n10.png"],"assets/images/n11.png":["assets/images/n11.png"],"assets/images/n12.png":["assets/images/n12.png"],"assets/images/n13.png":["assets/images/n13.png"],"assets/images/n14.png":["assets/images/n14.png"],"assets/images/n15.png":["assets/images/n15.png"],"assets/images/n16.png":["assets/images/n16.png"],"assets/images/n17.png":["assets/images/n17.png"],"assets/images/n18.png":["assets/images/n18.png"],"assets/images/n19.png":["assets/images/n19.png"],"assets/images/n2.png":["assets/images/n2.png"],"assets/images/n20.png":["assets/images/n20.png"],"assets/images/n21.png":["assets/images/n21.png"],"assets/images/n22.png":["assets/images/n22.png"],"assets/images/n23.png":["assets/images/n23.png"],"assets/images/n3.png":["assets/images/n3.png"],"assets/images/n4.png":["assets/images/n4.png"],"assets/images/n5.png":["assets/images/n5.png"],"assets/images/n6.png":["assets/images/n6.png"],"assets/images/n7.png":["assets/images/n7.png"],"assets/images/n8.png":["assets/images/n8.png"],"assets/images/n9.png":["assets/images/n9.png"],"assets/images/numbers.png":["assets/images/numbers.png"],"assets/images/numbers_text.png":["assets/images/numbers_text.png"],"assets/images/q.py":["assets/images/q.py"],"assets/images/shuffle.png":["assets/images/shuffle.png"],"assets/images/shuffle_text.png":["assets/images/shuffle_text.png"],"assets/images/solve.png":["assets/images/solve.png"],"assets/images/solve_text.png":["assets/images/solve_text.png"],"assets/images/squary_empty.png":["assets/images/squary_empty.png"],"packages/cupertino_icons/assets/CupertinoIcons.ttf":["packages/cupertino_icons/assets/CupertinoIcons.ttf"]}